date,word
1/1/22,about
1/2/22,other
1/3/22,which
1/4/22,their
1/5/22,there
1/6/22,first
1/7/22,would
1/8/22,these
1/9/22,click
1/10/22,price
1/11/22,state
1/12/22,email
1/13/22,world
1/14/22,music
1/15/22,after
1/16/22,video
1/17/22,where
1/18/22,books
1/19/22,links
1/20/22,years
1/21/22,order
1/22/22,items
1/23/22,group
1/24/22,under
1/25/22,games
1/26/22,could
1/27/22,great
1/28/22,hotel
1/29/22,store
1/30/22,terms
1/31/22,right
2/1/22,local
2/2/22,those
2/3/22,using
2/4/22,phone
2/5/22,forum
2/6/22,based
2/7/22,black
2/8/22,check
2/9/22,index
2/10/22,being
2/11/22,women
2/12/22,today
2/13/22,south
2/14/22,pages
2/15/22,found
2/16/22,house
2/17/22,photo
2/18/22,power
2/19/22,while
2/20/22,three
2/21/22,total
2/22/22,place
2/23/22,think
2/24/22,north
2/25/22,posts
2/26/22,media
2/27/22,water
2/28/22,since
3/1/22,guide
3/2/22,board
3/3/22,white
3/4/22,small
3/5/22,times
3/6/22,sites
3/7/22,level
3/8/22,hours
3/9/22,image
3/10/22,title
3/11/22,shall
3/12/22,class
3/13/22,still
3/14/22,money
3/15/22,every
3/16/22,visit
3/17/22,tools
3/18/22,reply
3/19/22,value
3/20/22,press
3/21/22,learn
3/22/22,print
3/23/22,stock
3/24/22,point
3/25/22,sales
3/26/22,large
3/27/22,table
3/28/22,start
3/29/22,model
3/30/22,human
3/31/22,movie
4/1/22,march
4/2/22,yahoo
4/3/22,going
4/4/22,study
4/5/22,staff
4/6/22,again
4/7/22,april
4/8/22,never
4/9/22,users
4/10/22,topic
4/11/22,below
4/12/22,party
4/13/22,login
4/14/22,legal
4/15/22,above
4/16/22,quote
4/17/22,story
4/18/22,rates
4/19/22,young
4/20/22,field
4/21/22,paper
4/22/22,girls
4/23/22,night
4/24/22,texas
4/25/22,poker
4/26/22,issue
4/27/22,range
4/28/22,court
4/29/22,audio
4/30/22,light
5/1/22,write
5/2/22,offer
5/3/22,given
5/4/22,files
5/5/22,event
5/6/22,china
5/7/22,needs
5/8/22,might
5/9/22,month
5/10/22,major
5/11/22,areas
5/12/22,space
5/13/22,cards
5/14/22,child
5/15/22,enter
5/16/22,share
5/17/22,added
5/18/22,radio
5/19/22,until
5/20/22,color
5/21/22,track
5/22/22,least
5/23/22,trade
5/24/22,david
5/25/22,green
5/26/22,close
5/27/22,drive
5/28/22,short
5/29/22,means
5/30/22,daily
5/31/22,beach
6/1/22,costs
6/2/22,style
6/3/22,front
6/4/22,parts
6/5/22,early
6/6/22,miles
6/7/22,sound
6/8/22,works
6/9/22,rules
6/10/22,final
6/11/22,adult
6/12/22,thing
6/13/22,cheap
6/14/22,third
6/15/22,gifts
6/16/22,cover
6/17/22,often
6/18/22,watch
6/19/22,deals
6/20/22,words
6/21/22,linux
6/22/22,james
6/23/22,heart
6/24/22,error
6/25/22,clear
6/26/22,makes
6/27/22,india
6/28/22,taken
6/29/22,known
6/30/22,cases
7/1/22,quick
7/2/22,whole
7/3/22,later
7/4/22,basic
7/5/22,shows
7/6/22,along
7/7/22,among
7/8/22,death
7/9/22,speed
7/10/22,brand
7/11/22,stuff
7/12/22,japan
7/13/22,doing
7/14/22,loans
7/15/22,shoes
7/16/22,entry
7/17/22,notes
7/18/22,force
7/19/22,river
7/20/22,album
7/21/22,views
7/22/22,plans
7/23/22,build
7/24/22,types
7/25/22,lines
7/26/22,apply
7/27/22,asked
7/28/22,cross
7/29/22,weeks
7/30/22,lower
7/31/22,union
8/1/22,names
8/2/22,leave
8/3/22,teens
8/4/22,woman
8/5/22,cable
8/6/22,score
8/7/22,shown
8/8/22,flash
8/9/22,ideas
8/10/22,allow
8/11/22,homes
8/12/22,super
8/13/22,asian
8/14/22,cause
8/15/22,focus
8/16/22,rooms
8/17/22,voice
8/18/22,comes
8/19/22,brown
8/20/22,forms
8/21/22,glass
8/22/22,happy
8/23/22,smith
8/24/22,thank
8/25/22,prior
8/26/22,sport
8/27/22,ready
8/28/22,round
8/29/22,built
8/30/22,blood
8/31/22,earth
9/1/22,nokia
9/2/22,italy
9/3/22,basis
9/4/22,award
9/5/22,peter
9/6/22,extra
9/7/22,rated
9/8/22,quite
9/9/22,horse
9/10/22,stars
9/11/22,lists
9/12/22,owner
9/13/22,takes
9/14/22,bring
9/15/22,input
9/16/22,agent
9/17/22,valid
9/18/22,grand
9/19/22,trial
9/20/22,units
9/21/22,wrote
9/22/22,ships
9/23/22,metal
9/24/22,funds
9/25/22,guest
9/26/22,seems
9/27/22,trust
9/28/22,multi
9/29/22,grade
9/30/22,panel
10/1/22,floor
10/2/22,match
10/3/22,plant
10/4/22,sense
10/5/22,stage
10/6/22,goods
10/7/22,maybe
10/8/22,spain
10/9/22,youth
10/10/22,break
10/11/22,dance
10/12/22,apple
10/13/22,enjoy
10/14/22,block
10/15/22,civil
10/16/22,steel
10/17/22,songs
10/18/22,fixed
10/19/22,wrong
10/20/22,hands
10/21/22,paris
10/22/22,fully
10/23/22,worth
10/24/22,peace
10/25/22,coast
10/26/22,grant
10/27/22,agree
10/28/22,blogs
10/29/22,scale
10/30/22,stand
10/31/22,frame
11/1/22,chief
11/2/22,gives
11/3/22,heard
11/4/22,begin
11/5/22,royal
11/6/22,clean
11/7/22,bible
11/8/22,suite
11/9/22,vegas
11/10/22,chris
11/11/22,piece
11/12/22,sheet
11/13/22,seven
11/14/22,older
11/15/22,cells
11/16/22,looks
11/17/22,calls
11/18/22,whose
11/19/22,naked
11/20/22,lives
11/21/22,stone
11/22/22,tests
11/23/22,buyer
11/24/22,steve
11/25/22,label
11/26/22,scott
11/27/22,canon
11/28/22,waste
11/29/22,chair
11/30/22,phase
12/1/22,motor
12/2/22,shirt
12/3/22,crime
12/4/22,count
12/5/22,claim
12/6/22,patch
12/7/22,santa
12/8/22,alone
12/9/22,jones
12/10/22,saint
12/11/22,drugs
12/12/22,joint
12/13/22,fresh
12/14/22,dates
12/15/22,upper
12/16/22,prime
12/17/22,limit
12/18/22,began
12/19/22,louis
12/20/22,steps
12/21/22,shops
12/22/22,creek
12/23/22,urban
12/24/22,tours
12/25/22,labor
12/26/22,admin
12/27/22,heavy
12/28/22,solid
12/29/22,theme
12/30/22,touch
12/31/22,goals
1/1/23,serve
1/2/23,magic
1/3/23,mount
1/4/23,smart
1/5/23,latin
1/6/23,avoid
1/7/23,birth
1/8/23,virus
1/9/23,abuse
1/10/23,facts
1/11/23,faith
1/12/23,chain
1/13/23,moved
1/14/23,reach
1/15/23,sorry
1/16/23,gamma
1/17/23,truth
1/18/23,films
1/19/23,owned
1/20/23,draft
1/21/23,chart
1/22/23,jesus
1/23/23,clubs
1/24/23,equal
1/25/23,codes
1/26/23,kinds
1/27/23,teams
1/28/23,funny
1/29/23,tried
1/30/23,named
1/31/23,laser
2/1/23,harry
2/2/23,taxes
2/3/23,mouse
2/4/23,brain
2/5/23,dream
2/6/23,FALSE
2/7/23,falls
2/8/23,stats
2/9/23,carry
2/10/23,hello
2/11/23,clips
2/12/23,brief
2/13/23,ended
2/14/23,eight
2/15/23,wants
2/16/23,alert
2/17/23,queen
2/18/23,sweet
2/19/23,diego
2/20/23,truck
2/21/23,votes
2/22/23,ocean
2/23/23,signs
2/24/23,depth
2/25/23,train
2/26/23,feeds
2/27/23,route
2/28/23,frank
3/1/23,anime
3/2/23,speak
3/3/23,query
3/4/23,rural
3/5/23,judge
3/6/23,bytes
3/7/23,fight
3/8/23,filed
3/9/23,korea
3/10/23,banks
3/11/23,kelly
3/12/23,leads
3/13/23,brian
3/14/23,miami
3/15/23,wales
3/16/23,minor
3/17/23,noted
3/18/23,spent
3/19/23,davis
3/20/23,helps
3/21/23,cycle
3/22/23,sleep
3/23/23,scene
3/24/23,drink
3/25/23,intel
3/26/23,rings
3/27/23,henry
3/28/23,guess
3/29/23,ahead
3/30/23,devel
3/31/23,delta
4/1/23,cisco
4/2/23,alpha
4/3/23,bonus
4/4/23,adobe
4/5/23,trees
4/6/23,dress
4/7/23,refer
4/8/23,babes
4/9/23,layer
4/10/23,spend
4/11/23,clock
4/12/23,ratio
4/13/23,proof
4/14/23,empty
4/15/23,maine
4/16/23,ideal
4/17/23,specs
4/18/23,parks
4/19/23,cream
4/20/23,boxes
4/21/23,hills
4/22/23,aware
4/23/23,shape
4/24/23,irish
4/25/23,firms
4/26/23,usage
4/27/23,mixed
4/28/23,exist
4/29/23,wheel
4/30/23,angel
5/1/23,width
5/2/23,noise
5/3/23,array
5/4/23,greek
5/5/23,sharp
5/6/23,occur
5/7/23,knows
5/8/23,coach
5/9/23,kevin
5/10/23,plate
5/11/23,logic
5/12/23,sizes
5/13/23,plain
5/14/23,costa
5/15/23,trail
5/16/23,buddy
5/17/23,setup
5/18/23,blues
5/19/23,scope
5/20/23,crazy
5/21/23,bears
5/22/23,mouth
5/23/23,meter
5/24/23,fruit
5/25/23,mysql
5/26/23,lewis
5/27/23,sugar
5/28/23,stick
5/29/23,allen
5/30/23,genre
5/31/23,slide
6/1/23,exact
6/2/23,bound
6/3/23,storm
6/4/23,micro
6/5/23,dolls
6/6/23,paint
6/7/23,delay
6/8/23,pilot
6/9/23,czech
6/10/23,novel
6/11/23,ultra
6/12/23,idaho
6/13/23,plays
6/14/23,truly
6/15/23,lodge
6/16/23,broad
6/17/23,swiss
6/18/23,sarah
6/19/23,clark
6/20/23,foods
6/21/23,guard
6/22/23,newly
6/23/23,raise
6/24/23,drama
6/25/23,bands
6/26/23,lunch
6/27/23,audit
6/28/23,polls
6/29/23,tower
6/30/23,yours
7/1/23,jason
7/2/23,shell
7/3/23,solar
7/4/23,catch
7/5/23,doubt
7/6/23,tasks
7/7/23,const
7/8/23,doors
7/9/23,forth
7/10/23,bruce
7/11/23,split
7/12/23,twice
7/13/23,egypt
7/14/23,shift
7/15/23,simon
7/16/23,marks
7/17/23,loved
7/18/23,birds
7/19/23,saved
7/20/23,shots
7/21/23,moore
7/22/23,treat
7/23/23,piano
7/24/23,risks
7/25/23,ports
7/26/23,teach
7/27/23,rapid
7/28/23,hairy
7/29/23,dutch
7/30/23,boots
7/31/23,holds
8/1/23,pulse
8/2/23,metro
8/3/23,strip
8/4/23,pearl
8/5/23,heads
8/6/23,logos
8/7/23,milfs
8/8/23,honda
8/9/23,bills
8/10/23,opera
8/11/23,asset
8/12/23,blank
8/13/23,humor
8/14/23,lived
8/15/23,tight
8/16/23,meant
8/17/23,plane
8/18/23,meets
8/19/23,tampa
8/20/23,grace
8/21/23,susan
8/22/23,adams
8/23/23,villa
8/24/23,inner
8/25/23,roman
8/26/23,taste
8/27/23,trips
8/28/23,sides
8/29/23,turns
8/30/23,cache
8/31/23,lease
9/1/23,proud
9/2/23,giant
9/3/23,seats
9/4/23,alarm
9/5/23,usual
9/6/23,angle
9/7/23,vinyl
9/8/23,worst
9/9/23,honor
9/10/23,eagle
9/11/23,pants
9/12/23,nurse
9/13/23,quiet
9/14/23,comic
9/15/23,crown
9/16/23,maker
9/17/23,crack
9/18/23,picks
9/19/23,smoke
9/20/23,craft
9/21/23,apart
9/22/23,blind
9/23/23,coins
9/24/23,gross
9/25/23,epson
9/26/23,actor
9/27/23,finds
9/28/23,fifth
9/29/23,prize
9/30/23,dirty
10/1/23,wayne
10/2/23,alive
10/3/23,prove
10/4/23,wings
10/5/23,ridge
10/6/23,modem
10/7/23,larry
10/8/23,skill
10/9/23,moves
10/10/23,throw
10/11/23,trend
10/12/23,rhode
10/13/23,worse
10/14/23,boats
10/15/23,tells
10/16/23,fiber
10/17/23,graph
10/18/23,talks
10/19/23,bonds
10/20/23,fraud
10/21/23,roger
10/22/23,crash
10/23/23,inter
10/24/23,grove
10/25/23,spray
10/26/23,roads
10/27/23,faces
10/28/23,mayor
10/29/23,yield
10/30/23,hence
10/31/23,radar
11/1/23,lakes
11/2/23,diary
11/3/23,kings
11/4/23,flags
11/5/23,baker
11/6/23,shock
11/7/23,walls
11/8/23,ebony
11/9/23,drawn
11/10/23,beast
11/11/23,dodge
11/12/23,pizza
11/13/23,yards
11/14/23,woods
11/15/23,jokes
11/16/23,twiki
11/17/23,globe
11/18/23,dicke
11/19/23,kerry
11/20/23,ghost
11/21/23,pride
11/22/23,keith
11/23/23,linda
11/24/23,chile
11/25/23,maria
11/26/23,brass
11/27/23,plaza
11/28/23,quest
11/29/23,trans
11/30/23,booty
12/1/23,acres
12/2/23,venue
12/3/23,vital
12/4/23,excel
12/5/23,modes
12/6/23,enemy
12/7/23,wells
12/8/23,opens
12/9/23,lucky
12/10/23,thick
12/11/23,iraqi
12/12/23,vista
12/13/23,chips
12/14/23,terry
12/15/23,flood
12/16/23,arena
12/17/23,grown
12/18/23,jerry
12/19/23,smile
12/20/23,lands
12/21/23,armed
12/22/23,laura
12/23/23,tokyo
12/24/23,nikon
12/25/23,candy
12/26/23,pills
12/27/23,tiger
12/28/23,folks
12/29/23,boost
12/30/23,icons
12/31/23,moral
1/1/24,keeps
1/2/24,pound
1/3/24,roses
1/4/24,bread
1/5/24,tough
1/6/24,gonna
1/7/24,chest
1/8/24,billy
1/9/24,craig
1/10/24,solve
1/11/24,nancy
1/12/24,tones
1/13/24,sight
1/14/24,towns
1/15/24,worry
1/16/24,reads
1/17/24,roles
1/18/24,glory
1/19/24,saudi
1/20/24,fault
1/21/24,karen
1/22/24,jimmy
1/23/24,rugby
1/24/24,fluid
1/25/24,barry
1/26/24,devil
1/27/24,grass
1/28/24,marie
1/29/24,kenya
1/30/24,sized
1/31/24,manga
2/1/24,theft
2/2/24,swing
2/3/24,dated
2/4/24,shoot
2/5/24,elite
2/6/24,poems
2/7/24,robot
2/8/24,winds
2/9/24,gnome
2/10/24,roots
2/11/24,noble
2/12/24,shore
2/13/24,loves
2/14/24,loose
2/15/24,slots
2/16/24,rocks
2/17/24,genes
2/18/24,hosts
2/19/24,atlas
2/20/24,feels
2/21/24,ralph
2/22/24,corps
2/23/24,liver
2/24/24,decor
2/25/24,texts
2/26/24,evans
2/27/24,fails
2/28/24,aging
2/29/24,alice
3/1/24,intro
3/2/24,clerk
3/3/24,mills
3/4/24,jeans
3/5/24,fonts
3/6/24,favor
3/7/24,sigma
3/8/24,xhtml
3/9/24,aside
3/10/24,essay
3/11/24,camps
3/12/24,aaron
3/13/24,trace
3/14/24,packs
3/15/24,spoke
3/16/24,arrow
3/17/24,rough
3/18/24,weird
3/19/24,holes
3/20/24,blade
3/21/24,meals
3/22/24,robin
3/23/24,strap
3/24/24,crowd
3/25/24,cloud
3/26/24,valve
3/27/24,knife
3/28/24,shelf
3/29/24,liked
3/30/24,adopt
3/31/24,fotos
4/1/24,outer
4/2/24,tales
4/3/24,islam
4/4/24,nodes
4/5/24,seeds
4/6/24,cited
4/7/24,skype
4/8/24,tired
4/9/24,steam
4/10/24,acute
4/11/24,stood
4/12/24,carol
4/13/24,stack
4/14/24,curve
4/15/24,amber
4/16/24,trunk
4/17/24,waves
4/18/24,camel
4/19/24,lamps
4/20/24,juice
4/21/24,chase
4/22/24,sauce
4/23/24,beads
4/24/24,flows
4/25/24,fewer
4/26/24,proxy
4/27/24,lanka
4/28/24,voted
4/29/24,bikes
4/30/24,gates
5/1/24,slave
5/2/24,lycos
5/3/24,zdnet
5/4/24,combo
5/5/24,haven
5/6/24,charm
5/7/24,basin
5/8/24,ranch
5/9/24,drunk
5/10/24,toner
5/11/24,latex
5/12/24,delhi
5/13/24,alien
5/14/24,broke
5/15/24,nepal
5/16/24,nylon
5/17/24,discs
5/18/24,rocky
5/19/24,fleet
5/20/24,bunch
5/21/24,cents
5/22/24,omega
5/23/24,civic
5/24/24,saver
5/25/24,grill
5/26/24,grain
5/27/24,wanna
5/28/24,seeks
5/29/24,gains
5/30/24,spots
5/31/24,salon
6/1/24,turbo
6/2/24,thats
6/3/24,aimed
6/4/24,reset
6/5/24,brush
6/6/24,spare
6/7/24,kodak
6/8/24,skirt
6/9/24,honey
6/10/24,gauge
6/11/24,faced
6/12/24,sixth
6/13/24,farms
6/14/24,cheat
6/15/24,sandy
6/16/24,macro
6/17/24,laugh
6/18/24,pitch
6/19/24,autos
6/20/24,perry
6/21/24,dozen
6/22/24,teeth
6/23/24,cloth
6/24/24,stamp
6/25/24,lotus
6/26/24,cargo
6/27/24,salem
6/28/24,likes
6/29/24,tapes
6/30/24,zones
7/1/24,races
7/2/24,maple
7/3/24,depot
7/4/24,blend
7/5/24,julie
7/6/24,janet
7/7/24,phpbb
7/8/24,probe
7/9/24,helen
7/10/24,lopez
7/11/24,debug
7/12/24,chuck
7/13/24,ebook
7/14/24,bingo
7/15/24,minds
7/16/24,xanax
7/17/24,sunny
7/18/24,leeds
7/19/24,cedar
7/20/24,blair
7/21/24,hopes
7/22/24,mason
7/23/24,burns
7/24/24,pumps
7/25/24,mario
7/26/24,utils
7/27/24,pairs
7/28/24,chose
7/29/24,blast
7/30/24,tommy
7/31/24,brake
8/1/24,congo
8/2/24,olive
8/3/24,cyber
8/4/24,clone
8/5/24,dicks
8/6/24,relay
8/7/24,tears
8/8/24,oasis
8/9/24,angry
8/10/24,lover
8/11/24,rolls
8/12/24,malta
8/13/24,daddy
8/14/24,ferry
8/15/24,omaha
8/16/24,loads
8/17/24,motel
8/18/24,rally
8/19/24,dying
8/20/24,stuck
8/21/24,stops
8/22/24,vocal
8/23/24,organ
8/24/24,lemon
8/25/24,toxic
8/26/24,bench
8/27/24,rider
8/28/24,butts
8/29/24,bobby
8/30/24,sheep
8/31/24,wines
9/1/24,salad
9/2/24,paste
9/3/24,katie
9/4/24,relax
9/5/24,sword
9/6/24,sells
9/7/24,coral
9/8/24,pixel
9/9/24,float
9/10/24,colin
9/11/24,paths
9/12/24,acids
9/13/24,dairy
9/14/24,admit
9/15/24,fancy
9/16/24,samoa
9/17/24,squad
9/18/24,wages
9/19/24,males
9/20/24,chaos
9/21/24,wheat
9/22/24,bases
9/23/24,unity
9/24/24,bride
9/25/24,begun
9/26/24,socks
9/27/24,essex
9/28/24,fever
9/29/24,drums
9/30/24,rover
10/1/24,flame
10/2/24,tanks
10/3/24,spell
10/4/24,emily
10/5/24,annex
10/6/24,sudan
10/7/24,hints
10/8/24,wired
10/9/24,elvis
10/10/24,argue
10/11/24,arise
10/12/24,jamie
10/13/24,chess
10/14/24,oscar
10/15/24,menus
10/16/24,canal
10/17/24,amino
10/18/24,herbs
10/19/24,lying
10/20/24,drill
10/21/24,bryan
10/22/24,hobby
10/23/24,tries
10/24/24,trick
10/25/24,myers
10/26/24,drops
10/27/24,wider
10/28/24,screw
10/29/24,blame
10/30/24,fifty
10/31/24,uncle
11/1/24,jacob
11/2/24,randy
11/3/24,brick
11/4/24,naval
11/5/24,donna
11/6/24,cabin
11/7/24,eddie
11/8/24,fired
11/9/24,perth
11/10/24,syria
11/11/24,klein
11/12/24,tires
11/13/24,retro
11/14/24,anger
11/15/24,suits
11/16/24,glenn
11/17/24,handy
11/18/24,crops
11/19/24,guild
11/20/24,tribe
11/21/24,batch
11/22/24,alter
11/23/24,ghana
11/24/24,edges
11/25/24,twins
11/26/24,amend
11/27/24,chick
11/28/24,thong
11/29/24,medal
11/30/24,walks
12/1/24,booth
12/2/24,indie
12/3/24,bones
12/4/24,breed
12/5/24,polar
12/6/24,msgid
12/7/24,carey
12/8/24,danny
12/9/24,patio
12/10/24,lloyd
12/11/24,beans
12/12/24,ellis
12/13/24,snake
12/14/24,julia
12/15/24,berry
12/16/24,ought
12/17/24,fixes
12/18/24,sends
12/19/24,mazda
12/20/24,timer
12/21/24,tyler
12/22/24,verse
12/23/24,highs
12/24/24,ellen
12/25/24,racks
12/26/24,nasty
12/27/24,tumor
12/28/24,watts
12/29/24,forty
12/30/24,tubes
12/31/24,floyd
1/1/25,queue
1/2/25,skins
1/3/25,exams
1/4/25,welsh
1/5/25,belly
1/6/25,haiti
1/7/25,elder
1/8/25,sonic
1/9/25,thumb
1/10/25,twist
1/11/25,ranks
1/12/25,debut
1/13/25,volvo
1/14/25,penny
1/15/25,ivory
1/16/25,remix
1/17/25,alias
1/18/25,newer
1/19/25,spice
1/20/25,ascii
1/21/25,donor
1/22/25,trash
1/23/25,manor
1/24/25,diane
1/25/25,disco
1/26/25,endif
1/27/25,minus
1/28/25,milan
1/29/25,shade
1/30/25,digit
1/31/25,lions
2/1/25,pools
2/2/25,lyric
2/3/25,grave
2/4/25,howto
2/5/25,devon
2/6/25,saves
2/7/25,lobby
2/8/25,punch
2/9/25,gotta
2/10/25,karma
2/11/25,betty
2/12/25,lucas
2/13/25,mardi
2/14/25,shake
2/15/25,holly
2/16/25,silly
2/17/25,mercy
2/18/25,fence
2/19/25,diana
2/20/25,shame
2/21/25,fatal
2/22/25,flesh
2/23/25,jesse
2/24/25,qatar
2/25/25,sheer
2/26/25,witch
2/27/25,cohen
2/28/25,puppy
3/1/25,kathy
3/2/25,smell
3/3/25,satin
3/4/25,promo
3/5/25,tunes
3/6/25,lucia
3/7/25,nerve
3/8/25,renew
3/9/25,locks
3/10/25,euros
3/11/25,rebel
3/12/25,hired
3/13/25,hindu
3/14/25,kills
3/15/25,slope
3/16/25,nails
3/17/25,whats
3/18/25,rides
3/19/25,rehab
3/20/25,merit
3/21/25,disks
3/22/25,condo
3/23/25,fairy
3/24/25,shaft
3/25/25,casio
3/26/25,kitty
3/27/25,drain
3/28/25,monte
3/29/25,fires
3/30/25,panic
3/31/25,leone
4/1/25,onion
4/2/25,beats
4/3/25,merry
4/4/25,scuba
4/5/25,verde
4/6/25,dried
4/7/25,derby
4/8/25,annie
4/9/25,derek
4/10/25,steal
4/11/25,fears
4/12/25,tuner
4/13/25,alike
4/14/25,sagem
4/15/25,scout
4/16/25,dealt
4/17/25,bucks
4/18/25,badge
4/19/25,wrist
4/20/25,heath
4/21/25,lexus
4/22/25,realm
4/23/25,jenny
4/24/25,yemen
4/25/25,buses
4/26/25,rouge
4/27/25,yeast
4/28/25,kenny
4/29/25,yukon
4/30/25,singh
5/1/25,brook
5/2/25,wives
5/3/25,xerox
5/4/25,sorts
5/5/25,vsnet
5/6/25,papua
5/7/25,armor
5/8/25,viral
5/9/25,pipes
5/10/25,laden
5/11/25,aruba
5/12/25,merge
5/13/25,edgar
5/14/25,dubai
5/15/25,allan
5/16/25,sperm
5/17/25,filme
5/18/25,craps
5/19/25,frost
5/20/25,sally
5/21/25,yacht
5/22/25,tracy
5/23/25,whale
5/24/25,shark
5/25/25,grows
5/26/25,cliff
5/27/25,tract
5/28/25,shine
5/29/25,wendy
5/30/25,diffs
5/31/25,ozone
6/1/25,pasta
6/2/25,serum
6/3/25,swift
6/4/25,inbox
6/5/25,focal
6/6/25,samba
6/7/25,wound
6/8/25,belle
6/9/25,cindy
6/10/25,lined
6/11/25,boxed
6/12/25,cubic
6/13/25,spies
6/14/25,elect
6/15/25,bunny
6/16/25,chevy
6/17/25,tions
6/18/25,flyer
6/19/25,baths
6/20/25,emacs
6/21/25,climb
6/22/25,sparc
6/23/25,dover
6/24/25,token
6/25/25,kinda
6/26/25,dylan
6/27/25,belts
6/28/25,burke
6/29/25,clara
6/30/25,flush
7/1/25,hayes
7/2/25,moses
7/3/25,johns
7/4/25,jewel
7/5/25,teddy
7/6/25,dryer
7/7/25,ruled
7/8/25,funky
7/9/25,joins
7/10/25,scary
7/11/25,mpegs
7/12/25,cakes
7/13/25,mixer
7/14/25,sbjct
7/15/25,tooth
7/16/25,stays
7/17/25,drove
7/18/25,upset
7/19/25,mines
7/20/25,logan
7/21/25,lance
7/22/25,colon
7/23/25,lanes
7/24/25,purse
7/25/25,align
7/26/25,bless
7/27/25,crest
7/28/25,alloy
7/29/25,plots
7/30/25,tulsa
7/31/25,casey
8/1/25,draws
8/2/25,bloom
8/3/25,loops
8/4/25,surge
8/5/25,tahoe
8/6/25,souls
8/7/25,spank
8/8/25,vault
8/9/25,wires
8/10/25,mails
8/11/25,blake
8/12/25,orbit
8/13/25,niger
8/14/25,bacon
8/15/25,paxil
8/16/25,spine
8/17/25,trout
8/18/25,apnic
8/19/25,fatty
8/20/25,joyce
8/21/25,marco
8/22/25,isaac
8/23/25,oxide
8/24/25,badly
8/25/25,scoop
8/26/25,sanyo
8/27/25,blink
8/28/25,carlo
8/29/25,tiles
8/30/25,tamil
8/31/25,fuzzy
9/1/25,grams
9/2/25,forge
9/3/25,dense
9/4/25,brave
9/5/25,awful
9/6/25,meyer
9/7/25,wagon
9/8/25,knock
9/9/25,peers
9/10/25,quilt
9/11/25,notre
9/12/25,mambo
9/13/25,flour
9/14/25,choir
9/15/25,blond
9/16/25,burst
9/17/25,wiley
9/18/25,fibre
9/19/25,daisy
9/20/25,crude
9/21/25,bored
9/22/25,allah
9/23/25,fares
9/24/25,hoped
9/25/25,safer
9/26/25,marsh
9/27/25,ricky
9/28/25,theta
9/29/25,stake
9/30/25,arbor